Q6_1;Q7_1;ADVANTAGES;DISADVANTAGES;Q10_1;Q10_2;Q10_3;Q10_4;Q10_5;Q10_6;Q10_7;Q10_8;Q10_9;Q11_1;Q11_2;Q11_3;Q11_4;Q11_5;Q11_6;Q11_7;Q11_8;Q11_9;Q11_10;USE1;USE2;USE3;Q13_1;Q13_2;Q13_3;WB1;WB2;WB3;INTENTION1;INTENTION2;Q16;Q17;Q18
Selon vous, dans quelle mesure trouvez-vous le service personnalisé? - Je trouve que ce service est :;Selon vous, dans quelle mesure le coach sportif est-il humain ? - Le coach me semble :;Selon vous, quels sont les avantages à utiliser cette application ? (2 lignes minimum);Selon vous, quels sont les inconvénients à utiliser cette application ? (2 lignes minimum);Pour utiliser cette application de sport et de nutrition, seriez-vous disposé à divulguer les informations suivantes ? - votre nom et prénom;Pour utiliser cette application de sport et de nutrition, seriez-vous disposé à divulguer les informations suivantes ? - votre date de naissance;Pour utiliser cette application de sport et de nutrition, seriez-vous disposé à divulguer les informations suivantes ? - Votre photo de profil;Pour utiliser cette application de sport et de nutrition, seriez-vous disposé à divulguer les informations suivantes ? - vos photos privées de votre album digital (ou cloud);Pour utiliser cette application de sport et de nutrition, seriez-vous disposé à divulguer les informations suivantes ? - votre pièce d'identité;Pour utiliser cette application de sport et de nutrition, seriez-vous disposé à divulguer les informations suivantes ? - votre géo-localisation;Pour utiliser cette application de sport et de nutrition, seriez-vous disposé à divulguer les informations suivantes ? - votre historique de navigation;Pour utiliser cette application de sport et de nutrition, seriez-vous disposé à divulguer les informations suivantes ? - l’accès à vos réseaux sociaux (par exemple, Facebook, Instagram, Twitter);Pour utiliser cette application de sport et de nutrition, seriez-vous disposé à divulguer les informations suivantes ? - vos enregistrements vocaux (messenger, alexa, google home);Pour utiliser cette application de sport et de nutrition, seriez-vous disposé à divulguer les informations suivantes ? - votre activité physique;Pour utiliser cette application de sport et de nutrition, seriez-vous disposé à divulguer les informations suivantes ? - vos informations relative à votre poids;Pour utiliser cette application de sport et de nutrition, seriez-vous disposé à divulguer les informations suivantes ? - vos habitudes alimentaires;Pour utiliser cette application de sport et de nutrition, seriez-vous disposé à divulguer les informations suivantes ? - votre activité cardiaque;Pour utiliser cette application de sport et de nutrition, seriez-vous disposé à divulguer les informations suivantes ? - votre durée de sommeil;Pour utiliser cette application de sport et de nutrition, seriez-vous disposé à divulguer les informations suivantes ? - votre dossier médical;Pour utiliser cette application de sport et de nutrition, seriez-vous disposé à divulguer les informations suivantes ? - votre dossier de mutuelle;Pour utiliser cette application de sport et de nutrition, seriez-vous disposé à divulguer les informations suivantes ? - votre dossier d’assurance;Pour utiliser cette application de sport et de nutrition, seriez-vous disposé à divulguer les informations suivantes ? - votre numéro de sécurité sociale;Pour utiliser cette application de sport et de nutrition, seriez-vous disposé à divulguer les informations suivantes ? - vos empreintes digitales;Veuillez indiquer votre degré d'accord avec les propositions suivantes : - L'utilisation de cette application améliorerait mes performances;Veuillez indiquer votre degré d'accord avec les propositions suivantes : - L'utilisation de cette application augmenterait mon efficacité;Veuillez indiquer votre degré d'accord avec les propositions suivantes : - Je trouverais utile d'utiliser cette application;Veuillez indiquer votre degré d'accord avec les propositions suivantes : - Cette application serait digne de confiance;Veuillez indiquer votre degré d'accord avec les propositions suivantes : - Je ferais confiance à l'entreprise qui propose cette application en gardant à l'esprit mes meilleurs intérêts;Veuillez indiquer votre degré d'accord avec les propositions suivantes : - Je croirais aux informations que l’application me fournit;Veuillez indiquer votre degré d'accord avec les propositions suivantes : - Si j'utilisais cette application, ma qualité de vie serait améliorée à l'idéal;Veuillez indiquer votre degré d'accord avec les propositions suivantes : - Si j'utilisais cette application, mon sentiment de bien-être serait amélioré;Veuillez indiquer votre degré d'accord avec les propositions suivantes : - Si j'utilisais cette application, mon sentiment de bonheur serait amélioré;Veuillez indiquer votre degré d'accord avec les propositions suivantes, de 0% à 100% : - J’aurais l'intention d’adopter cette application;Veuillez indiquer votre degré d'accord avec les propositions suivantes, de 0% à 100% : - J’aurais l'intention d’utiliser cette application;Vous êtes :;Quel age avez-vous ?;Vous êtes :
7;3;Le service paraît personnalisé et donc paraît coller parfaitement aux objectifs de l'utilisateur. Le coach propose aussi un service complet, ce qui permet d'avoir son suivi en une seule application.;"Le coach utilise en effet les données personnelles pour créer un service personnalisé mais ne peut pas prendre en compte des facteurs physiologiques qui pourrait également avoir un impact sur les objectifs et sur la santé à terme de l'utilisateur. De plus l'utilisateur devient complètement dépendant de son coach et ne pense plus à ""s'écouter"", ce qui peut amener de l'anxiété et du stress.";3;5;3;2;2;3;1;2;1;6;6;6;6;6;5;1;1;1;1;5;5;5;4;3;5;4;5;4;55;66;1;23;2
5;2;Pouvoir suivre l'évolution des différents indicateurs, et reguler notre comportement en fonction pour ainsi avoir une meilleure santé ;"Trop penser en terme de chiffres (quantified self) et pas en terme de ressenti. Penser trop souvent à notre alimentation ou activité physique, et trop vouloir contrôler notre comportement";7;7;6;5;3;6;5;5;2;7;7;7;7;7;6;5;5;5;7;6;6;6;5;5;5;5;5;4;71;69;1;22;2
3;3;Cela va me permettre de surveiller mon poids, pour avoir une bonne hygiene de vie. Cela me permettra également d'avoir un suivi pour quand je fais des écarts, et pouvoir avoir du mérite ;J'aurai l'impression d'être surveillée, mes donnés sont collectées, et ça va me déprimer de voir mon poids augmenter. Et le prix risque d'être élevé ;5;5;5;1;1;4;1;5;4;5;6;6;6;6;3;2;1;2;1;5;5;4;5;5;5;6;6;3;69;69;1;24;2
4;3;Pas besoin de prendre des notes sur nos habitudes puisque l'application les notera automatiquement. Il n'y a pas non plus besoin de faire de recherches sur les choses à changer puisque l'appli nous fera des recommandations. Enfin, l'application est accessible tous les jours et à tout heure: on peut la consulter et interagir avec elle dès qu'on le souhaite. ;L'application n'est un motivateur en soi mais une simple aide. Elle reste un gadget. L'aide qu'elle apporte restera limiter par sa froideur robotique: elle ne donnera jamais la pleine satisfaction que l'on a à interagir avec un autre humain. L'application n'aura également pas autant de connaissance et de précision qu'un coach sportif ou un nutritionniste et doit avoir des réponses prédéfinis par un programme dont elle ne peut sortir. ;6;6;2;1;1;5;1;1;1;7;7;7;7;7;1;2;1;1;1;4;4;1;4;4;5;3;3;3;19;19;1;24;1
2;5;"Cette app est AutomatiséeCette app est PersonnaliséeCette app est PratiqueCette app est  Améliore ma performanceCette app est  Améliore ma santéCette app est  Améliore ma forme physiqueCette app est Améliore ma santé";"Cette app est trop intrusifCette app connait trop sur moiCette app est stressantCette app me fait peurCette app est addictive";7;7;7;3;2;5;5;6;3;7;6;6;6;5;3;3;3;2;2;6;6;6;4;4;6;6;6;6;73;73;2;52;1
7;6;ces retours et ces conseils permettent de motiver  l'individu à poursuivre ces efforts......................................................................................................................................................................................................................................................................................................................................................................................................................................................................................................;"aucun.....................................................................................................................................................................................................................................................................................................................................................................................................................................................................................................";6;7;5;3;2;6;5;5;4;6;6;6;6;6;5;3;3;3;6;6;6;6;5;4;5;3;5;3;10;10;2;47;2
7;5;"Disponible en permanence, pas de jugement (alors que peut être le cas avec un être humain. Facilité d'accès.Suivi quotidien, mesures objectives et suivies, coût financier faible";"On peut faire face à un manque d'interactivité, le fonctionnement pouvant a certains moments être limité (réponses pré établies...)Coût inconnu pour le moment";5;7;7;1;1;5;1;1;1;5;5;5;7;7;1;1;1;1;1;6;5;6;4;4;6;6;6;4;72;81;1;22;2
7;3;Cela permet d'avoir un rapport quotidien sur lequel on peut se baser, permet de voir les différences entre les jours. Le connecté permet aussi la facilité d'utilisation et de savoir des données particulières (poids musculaires etc) ;"Les inconvénients sont le côté inhumain, et le manque de conseils pour adapter sa consommation / son quotidien etc.La réponse par SMS également. ";7;7;5;1;1;1;1;4;1;7;7;7;7;7;5;3;3;3;3;5;5;5;5;5;5;5;5;5;29;30;1;21;2
7;5;Voir facilement où il faut s'améliorer, favoriser la motivation, rester constant dans son effort de bonne santé ;"L'utilisation des données qui peut être fait. Le fait que ça se base que sur certains critères. Au final, ce n'est qu'une intelligence artificielle donc il y a une limite aux conseils données  ";3;5;1;1;1;2;1;1;1;5;5;5;5;5;3;1;1;1;1;5;5;5;4;4;5;5;5;4;80;80;1;22;2
5;4;Avantages pour avoir un suivi quotidien, des recommandations et de la personnalisation. On peut aussi avoir des notifications pour se rappeler de certaines choses.;Inconvénients parce que le coach n’est pas un humain on peut ne pas avoir totalement confiance, peut être pas adapté à ce que l’on recherche;5;6;4;1;1;6;2;3;1;7;6;6;6;6;3;2;2;2;2;5;5;5;4;4;4;4;4;4;13;23;1;21;2
7;5;L’avantage est que l’on a toutes les informations directement à un même endroit, là où cela devient intéressant c’est lorsque la personnalisation est poussée jusqu’à donner des conseils de professionnels en fonction de nos résultats.;Tout dépend où sont stockées les datas récoltées et comment elles sont exploitées. Une bonne personnalisation oui mais pas à n’importe quel prix. Je n’ai pas envie de me retrouver avec des publicités à outrance.;7;7;1;1;1;1;1;1;1;7;7;7;7;7;1;1;1;1;1;6;6;6;6;6;6;4;4;4;100;100;1;25;2
6;2;Avoir des informations sur son corps que l’on n’a pas en temps normal, pouvoir rectifier quand certaines données sortent de la norme, suivre ses évolutions ce qui peut être une source de motivation. ;Faire trop attention à son apparence physique, repousser sans cesse les limites de son corps, développer un culte de la perfection du corps. ;3;3;3;1;1;5;1;4;1;7;7;7;7;7;5;3;3;4;1;6;6;6;5;5;5;4;5;3;60;60;1;22;2
7;4;Ceci permet de faciliter un suivi de notre santé et de ce que l'on fait afin d'être bien. Ceci facilite également la mesure des apports nutritionnels des aliments consommés. ;Sûrement si un des équipements ne fonctionne plus, ça va générer un bug. Il s'agit aussi d'une invasion à la privacité, puisque ces données seront probablement utilisées par la suite pour nous vendre d'autres produits ;6;6;3;2;1;3;1;1;2;6;6;5;7;6;3;1;1;1;1;5;4;4;2;1;4;2;4;3;10;1;1;22;2
5;3;"aide, informations pertinentes... possibilité d'avoir des conseils adaptées";"cela devrait devenir un peu énervant... cela pourrait être considéré comme une fausse personnalisationpeu d'interactions";1;4;1;1;1;1;1;1;1;7;7;7;7;7;1;1;1;1;1;7;7;7;7;4;4;5;4;4;60;60;2;47;2
5;4;Cela permet de voir notre évolution physique, de voir comment nous répartissons les macros;Utilisation des données personnelles, et ce n’est pas non plus très personnalisé ;7;7;6;2;2;2;2;2;2;6;6;6;6;6;2;2;2;2;2;5;5;5;4;4;4;4;4;4;70;80;1;23;2
6;2;"Le Suivi personnalisé me parait être un avantage de cette applicationLe rappel quotidien me parait être un avantage de cette application";"Prend la tête avec les notifications.Prend du temps";1;6;3;1;1;3;1;1;1;7;7;6;7;6;1;1;1;1;1;5;5;5;4;1;5;3;4;4;15;20;1;25;1
7;2;Avoir un programme ultra adapté à ses souhaits, avantage d'avoir une application développée pour soi et qui est responsable à la place de l'individu.;Extrêmement intrusif car l'application va ensuite la vie de l'individu (nourriture, sorties...), de plus le côté analyse de données bien que pertinent semble très sensible....;5;5;6;2;2;5;1;2;1;7;7;6;7;7;2;2;3;1;1;5;5;4;4;4;5;5;5;5;30;30;2;34;1
5;4;Cela permet d’avoir un suivi quotidien à la maison et sans se déplacer. Cela permet notamment de se motiver si on reçoit un sms régulièrement.;Le fait de déshumaniser le coach peut il également repousser la volonté de faire du sport ? ;6;7;7;1;7;7;1;1;1;7;7;7;7;7;7;4;3;3;3;5;4;6;4;6;7;6;6;4;70;81;1;21;2
6;3;Les avantages principaux sont le suivi et la visibilité des améliorations au cours du temps, la disponibilité du coach est aussi un avantage intéressant.;La conversation avec le coach est limitée (aucune question ne peut être posée je suppose);7;7;5;3;3;2;1;1;1;7;7;7;6;6;5;3;3;2;1;6;5;5;4;4;6;5;5;5;20;30;1;20;2
7;5;Ça permet à l'utilisateur de prendre soin de lui avec facilité, tout les informations importantes sont regroupés dans une seule et même application. Ça lui permettra de suivre ses données et son évolution.;Le manque du côté humain. Si l'utilisateur a un coup de mou, l'application ne sera pas en capacité de l'écouter, de le conseiller et l'encourager comme pourrait le faire un coach.;7;7;6;3;3;4;1;2;2;7;7;7;7;7;3;3;3;3;5;7;6;7;5;5;6;6;6;4;100;100;1;20;2
2;2;Avoir un contrôle plus régulier et complet sur son mode de vie. Prendre le temps de voir comment on vit. ;Problème de données personnelles, application souvent chronophage et inadaptée aux changements du quotidien. ;2;5;1;1;1;1;1;1;1;5;5;3;5;2;1;1;1;1;1;4;4;4;2;2;2;1;4;1;0;4;2;32;2
6;3;très pratique pour traiter des donnés quantitatives ;moins pratique pour traiter les donnés qualitatives ;5;5;1;1;1;5;1;1;1;7;7;7;7;7;1;1;1;1;5;6;6;6;5;5;5;5;6;5;70;70;1;22;1
5;3;Les avantages d'une telle application sont le gain de temps, la véracité des informations, une réelle motivation ;Les inconvénients d'une telle application sont le perte du côté humain avec un nutritionniste ou un coach sportif;7;7;6;1;3;3;3;2;1;7;7;7;7;7;3;3;3;3;1;5;5;3;4;2;2;3;5;1;40;31;2;22;2
4;3;"Suivi de nos performances Aides dans la gestion du sport / alimentation ";"Pas vraiment personnalisee Possibilités de perdre nos performances si il y a un beug ";3;7;1;1;1;2;1;1;1;7;7;7;7;7;3;1;1;1;1;5;5;5;4;5;6;6;5;5;20;51;3;22;2
6;4;Les avantages d'utiliser cette application sont le fait de savoir les calories brûlées et donc combien en consommer et nos besoins énergétiques quotidiens assimilés par les aliments;Les inconvénients sont le fait de ne pas savoir si c'est une femme ou un homme ( les apports sont différents ainsi que la composition corporelle) et de savoir si c'est un sportif haut niveau, dans quelle phase elle se situe ( entraînement,  pre-competition, compétition, récupération );6;7;5;1;1;6;5;2;1;7;7;7;7;7;7;4;4;4;1;5;5;6;4;4;6;5;5;5;72;74;1;18;2
5;5;"- analyse complète du corps- suivi de l'alimentation au fil du temps";"- dépendance sur une appli- possible frustration culinaire";7;6;6;5;1;4;1;1;1;6;6;7;7;7;5;3;2;2;5;5;5;5;5;5;5;6;6;5;81;81;2;24;1
7;2;Le fait d'avoir les données connectées comme cela est pratique et les données peuvent se croisées. De plus l'application nous permet de voir sur le long terme.;Les conseils sont personnalisés certes, mais lors d'une baisse de motivation cela n'est pas adapté. ;7;7;7;1;1;1;1;1;1;7;7;7;7;7;4;1;1;1;1;6;4;5;4;4;4;3;3;3;50;50;2;28;2
4;3;"Pratique et intéressant Peut être accessible à tout moment";"L’interaction se passe avec un Robot (impersonnel) ";6;1;1;1;1;1;1;1;1;6;6;6;6;6;6;6;6;2;1;2;2;3;4;1;2;2;2;2;10;10;1;24;2
3;1;"Rapidité des analyses des données.Disponible à tout moment.";"Besoin d'équipement personnel.N’apporte rien de plus qu’une lecture d’information.";4;2;1;1;1;5;1;1;1;7;7;7;5;5;1;1;1;1;1;6;4;4;4;4;4;5;5;4;20;30;1;22;2
5;1;"suivi personnalisé à tout moment application certainement moins onéreuse qu'un coach réel";suivi informatisé pas de contact humain, ni de proximité, ni de motivation humaine;6;6;3;2;6;3;2;2;2;6;6;6;6;6;2;2;2;2;2;5;5;5;5;5;5;2;5;4;39;53;1;24;2
7;4;L’avantage principal serait la fait d’avoir accès à toutes ces données directement à un seul et unique endroit, ensuite elle permet aussi de ne pas avoir à calculer cela soit même;Cela peut devenir maladif, monopoliser l’esprit des gens, le contrôle du poids et des activités physique doit se faire dans un bon état d’esprit et il ne faut pas que cette application deviennent celle que tu vérifies 16 fois dans la journée ;7;7;2;1;4;7;2;1;1;7;5;7;7;5;1;3;1;5;7;5;5;7;4;4;7;6;4;4;70;70;1;23;2
5;4;L'avantage est que l'on a l'impression d'être suivi par un professionnel, ce qui donne une légitimité à ces informations et donne confiance;Cela peut conduire les gens à trop se focaliser sur des nombres pour évaluer leur bien être, qui est une variable subjective (je peux être en surpoids et me sentir bien dans mon corps);7;7;6;1;2;1;1;5;1;7;7;6;7;7;3;1;1;1;1;3;4;5;5;5;6;4;4;4;40;45;1;20;2
7;6;C'est vraiment possible de prendre soins de la santé de utilisateur de la mellieur façon. Également, je crois que c'est très utile pour suite un regime. ;"RAS.Dans cette décennie de l'intelligence artificielle et sciences de donnés, d'après moi, il n' y a aucun inconvénients. ";7;6;7;4;3;5;6;6;6;6;6;5;6;6;4;6;6;4;4;7;7;7;6;6;6;6;6;6;81;100;1;26;1
7;7;suivit personnalisé vraiment pointu , tout est pris en compte il devrait etre difficile de faire une erreur le sportif est vraiment coaché ;peut être un peut trop d'intrusion, jusqu'a son frigo si j'ai bien compris attention de pas aller jusqu’à avoir un wc connecté lol ;7;7;7;2;5;7;2;1;1;7;7;7;7;6;5;2;1;1;1;6;6;6;5;4;7;5;5;4;20;20;3;62;1
6;4;"La personalisation du suivi alimentaire et sportifLa facilité de la conversation virtuelle";"L'aspect humain de la recontre physique avec le coachLa motivation est moins elevée avec un coach virtuel qu'un coach recontré en vrai";6;6;6;4;3;5;1;4;1;7;7;7;7;7;3;1;1;1;1;3;5;4;4;4;5;4;4;4;40;30;1;22;1
5;1;Le fait de l’utiliser quand on veut, dispo, sans rendez vous ni déplacement ;Ce n’est pas une personne réelle si nos questions sont plus personnelles ;4;6;1;1;1;1;1;1;1;6;6;6;5;6;1;1;1;1;1;4;4;6;4;5;6;2;5;2;60;60;2;31;2
7;2;Ca permet un suivi personnalisé et efficace, ca a l'air facilement compréhensible ;Le problème cest qu'il n'y a pas de mise en forme, beaucoup de texte, ce qui ne permet pas de trouver l'info facilement ;7;7;4;1;1;4;1;1;1;6;6;5;5;5;2;1;1;1;1;4;5;4;4;4;4;2;2;2;25;25;1;23;1
4;3;Un suivi précis et des informations précises. Des informations simples à comprendre.;Le manque de chaleur humaine importante dans un suivi de coach à client.;3;7;3;1;1;3;1;1;1;5;5;5;5;5;1;1;1;1;1;4;4;5;4;4;5;4;3;3;41;23;2;24;2
4;3;Suivi régulier dans ses objectifs sportifs et nutritionnels + analyse des points positifs et négatifs ;Collecte de données personnelles + pas de contact humain;3;3;2;2;1;2;1;1;1;6;5;5;4;4;3;3;3;2;1;5;4;5;4;4;4;5;5;3;50;50;1;20;2
7;1;On a un suivi et des conseils afin que vous vous motiver à vous surpasser ;Il prendra pas en compte les réalités de la vie des clients tel que les blessures musculaires, les empêchement etc;6;6;2;1;1;1;1;1;1;6;6;6;6;6;6;6;6;4;1;5;5;5;3;3;3;4;4;4;38;32;1;28;1
5;1;L'avantage à utiliser ce genre d'application c'est qu'il ne faut rien rentrer au niveau des données tout est automatique;L'inconvénient c'est que si nous n'avons pas d'appareil connecté je ne vois pas l'intérêt d'utiliser ces genre d'application car ça serait très long de tout rentrer manuellement;7;7;3;1;1;5;1;2;1;7;7;7;7;7;3;3;3;3;3;5;5;5;4;4;5;4;5;5;83;84;2;28;2
7;1;Permettre de se fixer des objectifs et suivre la progression;"Se sentir harcelerCulpabiliser au quotidienNe pas faire les choses quand on en a envie mais quand l app le demande";1;1;1;1;1;1;1;1;1;1;1;1;1;1;1;1;1;1;1;1;1;1;4;3;6;1;1;1;1;1;2;44;2
7;3;Personnalisation limitée mais réelle et pratique facile ;"Ça reste banal et hyper formatéAmélioration à la marge mais pas adapté à ceux qui ont besoin de gros changement ";3;6;2;5;1;5;1;5;1;7;7;6;7;6;3;1;1;1;1;5;2;6;4;4;6;5;5;5;65;65;2;50;2
7;1;"Très bonne quantification de soiFacilité d'utilisation ";"Pas de contact réel avec le coachUn peu intrusif en termes de données et de confidentialité";6;6;2;1;1;6;1;1;1;7;7;7;7;7;1;1;1;1;6;5;5;6;2;2;6;2;5;2;0;0;1;25;2
6;5;Avoir un accompagnement personnalisé en temps réel au jour le jour. ;"Etre trop suivi, et rappelé à l'ordre au moindre ""faux pas"" ";6;6;3;2;1;3;1;1;1;6;6;6;6;6;3;1;1;1;6;7;7;6;6;5;5;6;6;4;70;60;1;21;2
2;2;Prendre conscience de la situation et se situer par rapport aux moyennes recommandées par l'oms ;"Trop générique,Le mode de vie n'est pas pris en compte (travail, enfants, âge, etc) ";5;3;2;1;1;3;1;1;1;6;6;6;5;5;1;1;1;1;1;2;3;3;3;3;3;3;3;3;6;5;2;28;1
7;5;"Une rapidité d’analyse Un accompagnement personnalisé ";"Les data récoltéesPeut être faussé par de fausses informations";4;5;4;1;1;3;1;1;1;5;6;6;4;4;2;1;1;1;1;5;5;4;3;3;5;5;5;4;0;0;1;22;2
6;6;Aide au suivi de la perte de poids. Intéressant de suivre les apports et dépenses caloriques.;C'est virtuel donc pas vraiment personnalisé Il manque le contact humain. Nécessite des appareils connectés donc des investissements et de savoir les utiliser.;1;7;1;1;1;1;1;1;1;7;7;7;7;7;2;1;1;1;1;6;6;6;4;3;4;5;5;4;50;51;2;48;2
6;4;"Je pense que les avantages sont :Que le coach puisse nous traduire ce que notre montre ou autre affiche lorsque l'on est noviceQu'il puisse nous dire si nous sommes sur la bonne voie ou pas ";"Je pense que les inconvénients sont:Le fait que ce soit virtuel donc pas de contact humainsLe fait que le coach ne nous connaît pas personnellement et physiquement et n'a pas pu juger des zones à plus ou moins travailler et si nous avons des soucis de santé ";6;6;6;1;1;2;1;3;1;7;7;7;7;7;4;1;1;1;1;4;4;4;4;4;4;4;4;4;50;50;3;33;2
5;1;Cela permet de rester motivée afin d atteindre ses objectifs. Elles donnent rapidement le détail global des choses à savoir sur soi. ;Il faut avoir tous les objets connectés chez soi et cela peut avoir un coup Supérieur aux coûts normaux ;5;7;7;1;6;5;1;4;1;7;6;6;7;6;1;1;1;1;3;5;5;7;4;5;4;4;5;5;70;80;2;25;2
3;5;Facilite d’utilisation et pas besoin de passer 2h au tel pour avoir des informations ;Le virtuel peut être pris plus à la légère qu’un vrai coatch humain;5;7;1;1;1;1;1;1;1;7;7;7;7;7;1;1;1;1;1;5;5;5;4;4;5;5;5;5;80;80;2;43;2
5;5;Un suivi régulier pour les personnes qui ont pas beaucoup de temps pour être suivi autrement.;"Parler par messages, ne pas avoir de contact plus "" humain""";2;4;3;1;1;2;1;1;1;4;5;5;5;5;1;1;1;1;1;5;3;1;2;2;3;1;1;1;0;0;3;47;2
7;4;Analyse des informations croisées qui permet d’objectives sa situation personnelle et d’avoir des orientations à suivre;Uniquement statistique pas de prise en compte de la personne en elle même (humeur, cycle, psychologie, stress...);5;5;1;1;1;1;1;1;1;5;5;5;5;5;4;4;1;1;1;5;5;5;5;5;5;5;6;5;72;71;2;40;2
5;3;Visualisation des objectifs, mise à niveau des besoins par l’ia.;Réponses programmées, pas de vrai contact humain ce qui peut limiter les mises à niveaux.;6;6;3;1;1;3;2;5;1;7;7;7;7;7;1;1;1;1;1;5;5;5;4;4;5;3;5;4;37;35;2;34;2
7;7;"Le suivi est permanent contrairement à un coach humain que l'on rencontrerait de temps en temps ";L'absence de relations humaines reelles, une machine reste une machine, l'intelligence artificielle isole l'Homme ;6;6;2;2;1;2;2;2;2;6;6;6;5;5;2;2;2;2;2;5;5;5;7;5;5;5;5;4;50;49;2;55;2
7;7;Pour celui qui est interresse, mieux gérer son capital physique;Devenir dépendant du système est né plus être autonome;1;6;1;1;1;1;1;1;1;6;6;6;6;5;2;1;1;1;1;4;4;4;2;2;2;1;1;1;2;2;3;69;1
3;1;Elle rappelle à l'ordre sur des grandes lignes très générales. Elle replace l'utilisateur dans un système de norme. Elle doit pouvoir alerter sur des risques liés à une vie trop sédentaire et une mauvaise alimentation.;Elle ne tient aucun compte du facteur humain et personnel, type émotions, stress, événements quotidiens, maladies ponctuelles ou de longue durée;3;4;1;1;1;3;1;1;1;5;5;5;5;5;1;1;1;1;1;4;3;2;4;2;4;3;4;1;0;10;2;56;2
5;5;Celle ci est rapide, efficace et les données, rapports sur notre santé etc sont a porté de mains et conservées.;Parfois il peut y avoir certaines émotions, certains ressentis que nous préférons évoquer à l'oral, en direct;7;5;6;1;3;3;1;1;1;7;7;7;7;7;5;4;3;3;4;5;5;6;5;5;5;5;5;4;62;90;1;21;2
7;4;Cela fait un bon résumé des efforts physique et permet d'ajuster et de suivre ses efforts ;Toutes les données sont téléchargées par l'application, il faut donc que leur sécurité soit bonne.;1;1;1;1;1;1;1;1;1;5;3;4;5;5;1;1;1;1;1;5;5;5;2;2;4;4;5;4;60;61;3;27;2
5;3;"Essayer de dépasser ses limites Être suivi pour connaître ses bons et mauvais côtés ";"Avoir beaucoup d’objets connectés Finir par ne plus rien faire par plaisir (sport comme alimentation) ";4;5;1;1;1;4;1;1;1;7;7;7;7;7;5;1;1;1;1;5;5;4;4;4;5;6;5;5;70;70;2;27;2
4;2;permet un suivi, des statistiques faites automatiquement, des graphiques etc;l'application n'a pas toutes les informations nécessaires. Cela se voit qu'il s'agit d'une IA ;5;5;3;1;1;3;1;1;1;6;7;6;5;5;1;1;1;1;1;3;4;5;3;4;5;3;4;2;50;61;1;23;2
7;5;Ca donne de la motivation pour reussir a perdre du poids ;On discute avec un algorithme,  donc pas de contact humain en cas de grosse baisse de motivation ;5;5;2;1;1;3;1;1;1;6;5;7;7;6;3;1;1;1;1;6;5;5;4;4;5;4;5;4;71;67;2;26;2
1;1;Aucun j'écris pour combler les 50 caractères  car vraiment je ne trouve aucun avantage étant moi-même déjà suivi par un humain;L'application ne prend pas en compte l'aspect psychologique d'un suivi coaching ;1;1;1;1;1;1;1;1;1;1;1;1;1;1;1;1;1;1;1;1;1;1;1;1;1;1;1;1;0;0;2;35;1
7;5;"Les avantages seront le côté ""Humain"" et Guide que le Coach virtuel va avoir, cela donnera un côté moins seul pour les personnes utilisant des applications. Le second est la précisions des conseils et renseignement.";Pour les inconvénients, je pense comme tout application c'est le fait se baser sur l'IMC (déduction de la conversation) alors que tous les corps sont différents, c'est quelque chose que seul un vrai médecin, diététicien peut faire.;6;6;2;1;1;5;1;5;1;7;7;7;7;7;4;1;1;1;1;6;6;7;5;5;6;4;5;5;100;100;2;25;2
5;4;Avoir un suivi au quotidien, aide à la mise en place de nouveaux réflexes à l'aide des notifications ;Le manque de personnalisation (état de santé, intolérance alimentaire/allergies), le fait d'utiliser des phrases toutes prêtes ;5;5;5;1;1;1;1;1;1;6;6;6;6;6;1;1;1;1;1;5;5;5;4;3;4;4;3;1;50;66;2;33;2
7;1;Les avantages de cette appli ne sont réels que si nous souhaitons utiliser ce service. Cela peut aider à la pratique sportive, à la perte de poids...;"Les données utilisateurs sont forcément stockées quelques part, j’espère qu’elles sont anonymisées. Je n’aime pas que le « coach » se connecte à mes objets connectés. Je n’aime pas l’interface par SMS ! Ça fait très années 2000, on sait faire une jolie interface en 2020 ;)";6;6;2;1;3;5;1;1;1;6;6;6;5;5;3;1;1;1;1;5;3;1;1;1;5;1;5;1;0;0;1;21;1
7;7;Avoir un bilan de sa santé et avoir des conseils personnalisés;Cela peut faire peur d’avoir une application qui sache autant de choses sur soi, surtout au niveau du respect de la vie privée ;1;1;1;1;1;1;1;1;1;5;5;5;5;5;1;1;1;1;1;7;7;7;4;4;5;5;5;4;60;60;1;29;1
6;4;Cela fournit une vue globale et exhaustive sur son état de santé et sur comment bien pratiquer une activité physique pour entretenir sa santé. ;Cela m'obligerait à passer mon temps sur cette application, peut être s'entrainer à l'utiliser tous les jours pour découvrir l'ensemble des fonctionnalités. ;1;1;1;1;1;1;1;3;1;5;5;6;6;6;1;1;1;1;1;4;5;7;3;5;4;3;3;3;60;50;1;25;2
7;4;Informations en temps réel, personnalisation sur ses données et sur ses objectifs et pouvoir l’utiliser n’importe quand et quAnd on veut ;La source est elle vraiment fiable ? ( comment avec juste des objets connectés on peut vraiment savoir le gras, les os etc) et relation humaine manquante trop robotique ;1;5;1;1;1;3;1;1;1;6;6;6;6;6;2;2;2;1;1;6;6;6;4;5;4;5;4;2;60;45;1;23;2
6;2;"Rapidité de réponse Pas besoin de se déplacer ................................................................";"Pas d'aspect humain Pas assez précis ..............................................................";4;6;2;1;1;2;1;1;1;6;6;6;3;6;1;1;1;1;1;4;4;5;4;4;4;2;2;2;40;40;1;27;2
3;3;Ça permet de gagner du temps, le coach est disponible tous les jours,et à une plus grande réactivité ;Les conseils sont peu personnalisés à mes besoins et ne vont pas prendre en compte mes valeurs passées ;5;7;5;2;4;5;3;5;1;6;6;6;6;6;2;2;2;2;3;5;5;4;3;5;5;4;4;3;45;66;2;25;2
5;3;Permet d’avoir facilement des statistiques sur notre santé et activité sportive ! ;L’application est intrusive et connais toute nos donnes ;6;6;5;2;1;4;2;5;2;5;5;5;2;5;2;2;2;2;5;4;4;3;4;4;6;2;2;2;0;0;2;24;2
6;4;"Avoir connaissance de sa condition physique actuelle et savoir comment s'améliorer plus précisément. Avoir une ""voix"" motivante et un suivi qui donne des objectifs et conseils pour avancer pas à pas (manger des légumes, boire plus d'eau, nouveaux objectifs suite à meilleurs résultats). Gain de temps avec la recherche de recettes";"Conseils communs (boire de l'eau, manger des fruits et légumes) tout le monde le sait. Trop intrusif avec l'ensemble des données collectées sur la personne ";2;5;1;1;1;1;1;1;1;7;7;7;7;7;5;2;1;1;1;6;7;7;5;4;6;7;6;5;86;65;1;21;2
6;5;Contrôle du poids et des composantes de la nutrition. ;On sait lire une appli pas besoin d’avoir de sms. Ou alors, un vrai humain qui pourra répondre à une question complexe et non pas un robot...;4;5;1;1;1;1;1;1;1;7;7;7;7;7;5;1;1;1;1;5;5;3;4;4;5;3;2;4;7;30;1;22;2
7;4;"Obtenir en peu de temps toutes les données ""corporelles"" nous concernant";Selon moi, il n'y a aucun inconvénient à condition que les données soient justes;5;5;4;1;1;5;1;1;1;5;6;6;6;6;4;3;2;2;6;5;4;6;6;6;5;5;5;4;80;90;1;23;2
5;3;Cette application permet d’accéder aux données de son corps de manière facile et d’avoir un suivi de son poids et de son alimentation. Par la fixation d’objectifs et les recommandations, l’application est motivante ;"L’application récolte beaucoup de données et nécessite l’utilisation de produits complémentaires (montre connectée, réfrigérateur connecté...)  Un suivi trop régulier peut amener à un hyper contrôle voire l’apparition d’un trouble du comportement alimentaire. ";6;6;2;1;1;2;1;2;2;7;7;7;7;7;3;1;1;1;1;6;6;5;5;5;5;6;3;3;59;59;1;23;2
5;3;Résumé des données sous format clair et analysé, et bon récapitulatif global ;Pas assez personnalisé, on dirait un simple moniteur de phrases toutes faites, il manque cruellement de données plus précise, ça ne fait que reprendre sous forme de phrase des données déjà accessibles;7;7;6;4;4;5;4;5;4;7;7;7;7;7;6;5;4;4;5;4;5;5;3;5;2;4;5;3;30;70;2;25;2
5;4;"Controle de son activité physique pas seulement sportivePermet de voir l'evolution de son corps";Les réponses sont pre enregistrées, face a une situation non ordinaire le bot ne saura pas forcément donner une réponse comme le ferait un coach réel;5;2;2;1;1;5;2;4;1;7;7;7;7;7;3;1;1;1;4;7;7;7;6;7;6;5;7;5;76;100;1;21;2
4;1;Rapidité d’analyse, permet de savoir rapidement quels points sont à améliorer, instantanéité ;Manque de contact humain et d’explications sur l’utilité de faire ceci plutôt que cela ;7;6;3;2;5;4;2;1;1;7;7;7;7;7;1;4;4;4;1;4;5;5;5;5;5;2;5;2;40;70;1;20;1
5;4;Cela nous permet d’avoir un suivi même si on y pense pas et de garder nos objectifs en tête.;Elle pourrait garder nos données et de notre côté on peut oublier de renseigner les donnés du jour.;3;5;4;1;1;4;3;2;1;6;6;6;5;5;3;3;3;1;1;3;3;4;4;3;4;3;3;2;25;36;1;19;2
4;2;Un coach virtuel est toujours disponible et répond rapidement ;Le fait que l’on voit bien que ce n’est pas un humain et la lassitude d’utiliser une application (ce qui baisser la motivation) ;5;5;3;1;2;3;2;1;1;6;6;6;6;6;4;4;4;3;4;5;5;6;5;6;5;4;4;3;31;50;1;23;2
4;4;Pratique, dans le sens où on peut l’utiliser à tout moment et partout ;Certaines personnes auront du mal car ils aiment/ cherchent le contact humain ;5;5;5;3;4;4;2;2;2;5;5;5;5;5;4;3;3;3;2;5;5;5;5;5;5;5;5;5;74;75;1;27;2
7;5;Nous pouvons contrôler notre progression, notre santé, avoir un statistique sur nos activités sportives. Ca crée une routine. Nous pouvons apprendre sur notre santé. Nous pouvons se faire une idée où il faut fournir plus d'efforts.;Je pense que le problème principal est lié au partage de données. Cela peut empecher certaines personnes à utiliser cette application.;2;2;2;2;2;2;2;2;2;5;5;1;1;1;1;1;1;1;1;5;4;5;3;3;5;5;5;5;40;40;1;29;2
5;2;Toujours intéressant de connaître sa composition chimique et de pouvoir déceler des carences s'il y en a;"Manque d'analyse sur les aliments à privilégier, de recommandations les activités physiques à pratiquer";4;5;1;1;4;1;1;4;1;7;7;7;7;7;3;1;1;1;1;5;6;6;4;5;6;4;6;5;75;75;2;27;1
6;3;Un suivi de son corps plus précis et accru afin de rester en santé et avoir un corps correct pour séduire et charmer des petites meufs et des petits mecs ;Le traçage des donnés avec les GPS ! Le nombre d’informations que l’application collecte sur la personne ... les problèmes RGPD qui peuvent en découler et la sécurité des informations ;4;2;2;1;1;2;1;1;1;5;6;5;4;3;1;1;1;1;1;4;5;5;3;2;5;2;2;2;25;75;2;22;1
6;3;ça semble rapide, précis, ça peut être une bonne entrée dans le monde du sport pour les débutant qui veulent se lancer ;Pas de contact humain, des conseils vraiment personnalisé;7;7;6;1;3;5;1;1;1;7;7;6;7;7;3;3;3;5;2;3;6;5;6;5;6;3;2;1;17;26;1;24;1
5;5;Cela permets d'avoir plus d'informations sur notre masse graisseuse etc et d'avoir des conseils;Accès à nos données personnelle, conseil peut être pas assez personnalisé ;7;7;5;2;4;5;2;3;3;7;7;7;7;7;5;4;4;3;4;5;5;5;4;4;5;5;5;4;98;72;3;35;2
5;5;"De bons conseilsDes notificationsDes valeurs nutritives";"Pas de réponses aux questionsPeut y avoir des bugs";6;6;2;1;1;5;1;1;1;6;6;6;6;6;2;2;2;2;1;5;4;5;4;5;5;4;4;4;60;70;2;30;2
6;5;J’aimerais son design. C’est plus facile. Je peux savoir tout de suite sur mes chiffres.;Seulement pour référence. Je crois le professionnel que la réponse artificielle.;2;7;1;1;1;5;7;2;1;7;7;7;7;7;7;1;1;1;2;5;5;6;5;6;5;6;6;6;95;95;1;24;2
7;1;"Avoir une meilleure connaissance de sois Atteindre des objectifs + facilement ";Une mauvaise utilisation des données, revente de mes donnes à des entreprises mal intentionnées  ;2;6;2;2;2;6;2;2;2;6;6;6;6;6;6;2;2;2;2;5;3;5;4;4;5;3;3;3;87;88;2;23;2
5;3;Cela me permettra me permettra d'économiser de l'argent et de bénéficier d'un suivi très personnalisé ;Il est possible que le service ne soit pas optimal car comme c'est un algorithme il peut ne peut savoir s'adapter à des spécificités humaines ;6;6;3;2;2;2;1;3;2;4;6;6;6;6;3;2;2;2;1;5;5;5;5;4;6;5;5;5;60;60;1;25;1
5;5;Elle permet de mettre à la portée une alimentation saine du dernier des connards qui ne veulent pas ouvrir un bouquinde nutrition ;Collecte de données personnelles par une entreprise ;1;6;1;1;1;3;1;1;1;7;7;7;7;7;2;1;1;1;1;1;3;1;1;1;5;1;1;1;14;14;2;23;1
3;1;Grâce à cette application, on a droit à l’avis d’un professionnel extérieur compétent sur notre hygiène de vie et nos pratiques physiques ;Les informations données peuvent être collectées et interprétées par nous même, et il n’y a pas de réels conseils donnés pour atteindre notre objectif ;3;3;1;1;1;1;1;1;1;5;5;5;5;5;5;1;1;1;1;5;5;4;4;4;5;4;4;4;17;37;1;24;1
2;3;C’est motivant au quotidien et ça permet de se fixer des objectifs ;Je pense qu’il ne faut pas louper un entraînement sinon cela influe sur ses propres statistiques ;1;1;1;1;1;1;1;1;1;1;5;5;5;5;1;1;1;1;1;5;5;5;5;5;5;5;5;5;44;58;2;29;1
7;2;Avoir un résumé de ses activités physiques et un rapport sur notre condition physique ;Le manque de conseils personnalisés et l’analyse plus précise d’un professionnel ;6;6;6;2;2;6;2;2;2;6;6;6;6;6;1;1;1;1;1;4;4;4;5;4;4;6;6;6;80;81;1;22;1
1;3;Avoir une motivation et un suivi assez général pour se mettre au sport. ;Application qui ne pourra pas être au niveau d un coach réel et s'adapter un spécificités morphologiques de chacun;6;6;6;4;4;3;1;4;1;7;7;7;7;7;7;4;4;3;3;4;5;5;4;4;4;4;4;4;50;62;2;24;1
5;2;La disponibilité et le suivis quotidien.................................. ;Plus de relation humaine ..............................................;7;7;7;1;1;4;1;1;1;7;7;7;7;7;7;1;1;1;7;5;4;5;3;4;4;4;4;4;10;66;2;28;1
5;4;Suivi régulier, ajustement précis en fonction des données récoltées, courbe d'évolution plus réaliste par rapport aux activités réalisées.;"Pas de prise en compte du facteur émotionnel, ni des contraintes sociales, que ce soit dans élaboration du programme ou dans le suivi.Décisions basées sur des fourchettes, des catégories : personnalisation limitée ?...";3;5;1;1;1;5;1;1;1;6;6;6;6;5;3;1;1;1;1;5;5;5;4;3;5;3;5;4;70;70;2;28;1
6;5;Moins cher qu'un vrai coach j'imagine, plutôt impressionnant comme niveau de detail;Nécessite beaucoup d'appareils connectés et de partager p'ein d'informations personnelles ;4;5;3;1;1;2;1;1;1;7;7;7;7;6;3;1;1;1;1;5;5;5;4;4;5;3;5;5;58;78;2;24;1
4;5;Une assistance qui permet de nous guider le long du processus et une motivation ;L'exploitation des données personnelles et le fait d'être surveillé sur les actions que l'on mène;5;5;3;1;2;5;2;2;2;5;5;5;5;3;4;1;4;3;1;5;5;4;3;2;3;4;3;3;41;51;1;18;1
5;4;Suivi régulier qui permet d'évaluer sa progression et ses performances ;Avoir une vision uniquement statistique et se décourager si pas de résultats visibles ;6;6;5;1;1;5;1;2;1;6;6;6;6;6;2;1;1;1;3;5;4;4;3;3;4;2;2;2;37;36;2;27;1
4;5;It keeps à good track. It helps to improve on our weakness. ;Sometimes when you want to have cheat day, it might be a forcing /annoying thing. ;6;6;1;1;1;1;1;1;1;5;5;5;5;5;4;4;4;4;4;6;6;6;6;6;6;4;6;6;70;81;2;26;1
7;4;Cette application pourrait permettre de resté.e motivé.e grâce aux données qu'elle analyse et l'évolution suivie par exemple. ;À l'inverse, elle pourrait paraître un peu intrusive à cause de toutes les données enregistrées.;5;5;2;1;2;4;3;3;1;5;6;6;6;6;3;3;3;3;1;5;4;4;4;3;5;3;4;4;30;30;1;22;1
4;3;Elle peut permettre d'avoir un mode de vie sain sans forcément avoir à tout connaître de la nutrition et tout garder en tête;"Le commun des mortels ne possède pas une montre, un frigo, et une balance connectés...Faire les choses c'est bien, comprendre pourquoi c'est mieux aussi";1;5;1;1;1;3;1;1;1;7;7;7;7;7;5;2;2;2;1;3;3;3;4;4;4;4;4;4;1;1;2;25;1
6;3;Les données sont plutôt bien exploiter les graphiques sont plutôt lisible et détaillée;"Peux rebuter si l'on est novice le trop d'info et bien pour quelqu'un cherchant a perfectionner ca pratique. Pour les personnes qui n'ont pas l'habitude de faire du sport ça peut etre un désavantage.De plus l'utilisation de tout les objets connectés est obligatoire ?? (Choix bizarre";7;7;2;1;4;4;1;1;1;7;7;7;7;7;2;1;1;1;1;5;6;5;4;2;4;5;5;3;13;6;1;22;1
7;7;Pour voir de les progrès et avoir un avis d'un professionnel.;Je trouve pas d'inconvénient, c'est un moyen technologique et scientifique avec suivis personnel.;7;6;3;1;2;3;1;4;2;5;5;5;6;6;5;2;2;2;2;5;5;5;4;4;5;5;5;4;70;70;1;27;1
4;2;Aperçu rapide de plusieurs indicateurs. Informations claires/lisibles. ;La seule chose négative qui peut ressortir (selon moi), est de réduire le corps à une série de données, ce qui peut entraîner certaines personnes à focus sur des chiffres plutôt que le corps en lui même.;1;6;1;1;1;1;1;1;1;7;7;7;7;1;1;1;1;1;1;4;5;4;3;4;5;3;5;4;20;19;2;28;1
1;1;S’encourager à faire du sport                                         M;Le virtuel tue l’amo Propre du sport                                   M;4;4;4;2;1;4;2;1;1;4;4;4;4;4;4;1;1;1;1;6;4;5;2;4;4;4;4;2;19;51;2;24;1
7;1;Suivi personnalisé et très proche de l'utilisateur;Aucun anonymat, beaucoup de données générées qui peuvent être exploitées;1;1;1;1;1;1;1;1;1;7;7;7;7;7;1;1;1;1;1;1;1;4;1;7;4;3;1;1;0;0;2;19;1
5;2;"Un côté interactif, personnel, et plus ""humain"" qu'une simple appli";Dépend de l'utilisateur, mais barrière de l'intelligence artificielle;7;7;7;3;1;5;4;4;1;7;7;7;7;7;4;1;1;1;1;4;4;4;5;5;4;3;4;3;30;60;1;21;1
7;1;D'avoir un suivi régulièrement et cela permet ne pas perdre la motivation ;Robot à la place d'un humain, réponses pré-enregistrées ;4;4;3;2;1;1;1;3;1;4;4;4;4;4;2;1;1;1;1;5;4;4;3;3;3;1;4;4;14;20;1;21;1
6;3;L’application permet de suivre son poids de manière attentive et surtout de manière détaillée.;Cela reste un robot, malgré la personnalisation pour des questions plus précises il ne saura pas forcément nous répondre.;5;7;1;1;3;1;1;1;1;7;7;7;7;7;3;1;1;1;3;5;6;5;4;5;5;6;5;5;66;77;1;20;2
7;5;"Précision et personnalisation Suivi quotidien Facile ";"Se sentir espionné et jugé constamment Pression du poids ";6;6;6;1;1;6;3;5;1;6;6;6;6;6;1;1;1;1;5;3;5;5;5;5;4;2;1;2;43;43;1;23;2
6;2;Bonne précision, utile pour les sportifs de hauts niveaux. Mais peut être moins pour les sportifs du dimanche;Ça a l'air plutôt coûteux s'il faut avoir tous les équipements connectés;5;7;4;3;4;6;4;3;2;6;6;6;6;6;6;4;4;5;5;5;5;4;5;5;5;5;3;3;30;30;2;26;1
1;2;La possibilité de pouvoir parler à un vrai coach et pas de se retrouver avec un programme pas du tout personnalisé ;L’application est trop intrusive dans la vie privée des utilisateurs, elle devrait avant toute chose demandé l’autorisation pour les accès aux divers appareils possédés par l’utilisateur et aussi l’autorisation de transmettre les données récoltées au coach.;5;7;7;1;3;1;1;1;1;7;7;7;7;6;5;1;1;1;1;4;4;2;1;1;3;3;2;2;0;0;2;23;1
5;4;C'est un suivi très détaillé pour les gens qui veulent être rigoureux ;"Il connaît peut-être trop d'information personnel.Il faut voir comment elles sont utiliser par la suite";5;5;5;2;2;5;2;2;2;5;6;6;6;6;2;2;2;2;2;5;5;5;4;4;5;4;4;4;49;47;2;24;1
2;3;"Décryptage des données par un expertHistorique d'information qui permet de voir l'évolution ";"Les objets connectés font 80% du boulotPas très humains, aucun échange réel avec le coach";5;5;2;1;1;2;1;1;1;7;7;7;7;7;4;3;2;1;1;4;5;3;4;4;4;3;2;2;10;10;2;25;1
7;2;"Suivi personnalisé qui s'adapte aux indicateurs d'évolution personnels de l'utilisateur.Permet d'avoir un suivi régulier et donc une motivation pour atteindre ses objectifs";L'utilisation des données personnelles, à voir le rythme de notifications reçues (peut être trop), perdre la côté humain / social;7;7;6;1;5;5;5;3;2;7;7;7;7;7;5;4;2;3;6;5;5;5;4;5;5;5;5;4;40;60;1;21;1
2;1;Rapide, pas besoin de se déplacer ni de trop réfléchir ;Pas de contact direct, pas de suivit, on peut pas adapter un exercice ou une séance à la personne précisément.;5;5;4;1;3;4;1;3;1;5;5;5;5;5;1;1;1;1;2;5;5;4;4;3;4;1;4;2;37;16;1;24;1
6;5;On a suivi personnalisé rapidement a tout heure de la journée;Le manque de contact humain bien que l'IA fasse humaine;7;6;6;4;1;2;1;1;1;7;7;7;7;7;2;2;2;2;1;5;5;5;4;3;3;4;4;4;71;58;1;22;1
5;5;Ça peut permettre aux individus de mieux comprendre l'alimentation pour perdre du poids. ;Tout dépend de comment les données alimentaires sont entrées dans l'app... ;3;5;5;1;1;3;1;1;1;7;7;7;7;7;5;2;1;1;1;5;5;5;4;1;6;5;4;4;87;88;2;29;1
4;3;"Elle permet d'avoir les données claires pour se fixer des objectifsElle détaille l'évolution de l'alimentation et comment elle à changé depuis une période précédente";"La nécessité d'enregistrer chaque repas, cela demande une certaine mentalité La nécessité d'avoir plusieurs équipement pour enregistrer les données ";6;6;6;4;3;5;3;4;3;6;6;6;6;6;4;4;4;3;2;5;5;5;4;4;5;3;3;4;11;20;2;26;1
6;4;Plus besoin de se prendre la tête et se renseigner pendant des heures sur internet pour savoir ce dont on a besoin pour notre corps. ;Le fait de faire confiance à une intelligence artificielle, c'est l'avenir certe mais ça fait flipper! ;6;7;6;1;2;5;1;1;1;6;6;6;6;6;3;1;1;1;3;5;5;5;4;4;5;3;4;2;40;60;2;22;1
7;7;A partir du moment où l’on accepte de partager ses données personnelles l’application paraît intéressante puisque celle-ci traite des informations précise sur soit qui permettront au coach de faire un suivi personnalisé et précis et j’imagine à moindre coût comparait à un coach individuel ;Le manque du contact humain, si la personne n’est pas trop motivé, la coach sera pas là pour pousser comme il pourrait le faire en présenciel. Elle requière bcp de matériel connecté;5;5;5;2;1;1;1;2;1;7;7;7;7;4;1;1;1;1;1;5;5;5;4;4;5;1;1;1;2;2;1;21;1
7;5;"Simplicité et facilité d'utilisation Compatibilité avec les équipements  ";"L'accès aux données personnellesLa difficulté de parler ""normalement"" à une IA";2;3;2;1;1;1;1;1;1;6;6;6;6;6;1;1;1;1;1;4;4;5;4;4;5;4;5;5;50;50;2;31;1
5;4;La prise en compte de nos objectifs personnels par l'application ;Un certain manque de personnalisation à mon goût au niveau des besoins;5;5;4;1;1;4;1;5;1;6;6;6;6;6;1;1;1;1;1;4;4;5;4;5;4;4;4;4;40;50;2;27;1
3;3;Visualisation d'informations en temps réel avec suivi de la progression;La collecte de ces données entraîne une perte de vie privée;3;5;3;1;2;5;1;1;1;5;5;5;5;5;3;1;1;1;2;3;3;3;2;2;5;3;3;3;36;25;2;26;1
4;3;Les avantages d'utiliser les services de coaching en ligne, permet non seulement un économie financier, mais aussi une plus grande liberté d'action. En effet, certaines personnes ne sente pas bien dans leurs peaux, et de ce faite ce refuseraient a y rentré pour les clichés, du style mec baraqué ou fille svelte etc... Ou par peur du jugement, pas chez eux. ;En revanche, leur utilisation est bien trop limité. Contrairement au salle de sport nous nous souvent dans l'incapacité de faire certaines activités par manque de matériels. Le rapport humain a humain n'étant pas présent, il peut arriver que certains jours la motivation n'y est pas.;7;7;4;2;7;4;4;4;4;7;7;7;7;7;6;6;2;2;1;4;4;6;5;5;3;6;4;4;77;67;3;28;1
5;6;Ggggcgggvvggvvvggvvvvvhhvvvbbbbbnjjnbbbjjbbbbbbuhggggvbjjjbbjj’nbggffedgtthjujn’kk’nbhhvv;Hhhnn’k’bgg UK.  J. Je. Rdv job GBC. Bon. Hhgvcfgjjb. JB vhhnn. Jkk’ik fffddcb jkk’b. Bubble v;5;5;5;1;1;2;2;5;1;6;6;6;6;6;3;2;2;2;1;5;5;5;6;5;5;5;6;6;44;40;2;25;1
5;4;Elles sont souvent simple d'utilisation et on peut faire du sport quand on le souhaite. Elles ont aussi l'avantage de motiver les personnes avec le système de notifications;Premièrement, je dirai le manque de contact humain qui peut être lassant au fil du temps. Ensuite, je dirai l'aspect répétitif de l'application et de son interface;5;5;4;3;4;5;4;4;1;5;6;6;5;6;4;4;4;2;1;5;4;5;5;5;5;4;4;4;75;66;1;22;1
4;4;Motivation et prendre soin de soi soi-même. Etre accompagné pour pouvoir se sentir mieux.;Moins de contact humain, la relation se dematerialise. Il faudra l'associer avec des coachs de salle de sport pour assurer un suivi autre qur l'application ;6;6;4;1;1;4;1;1;1;5;5;5;5;5;2;2;2;2;2;3;3;3;3;3;3;3;3;3;50;53;2;23;1
6;5;Le coach en application permet d’être disponible n’importe quand, de proposer des conseils en fonction de notre évolution et notre activité ;Ça ne remplacera jamais un vrai coach qui s’adapte intégralement à notre évolution et propose un conseil personnalisé et adapté à nos besoins et envies;7;7;7;1;1;5;1;1;1;7;7;7;7;7;1;1;1;1;1;4;5;5;5;5;6;6;6;6;100;80;2;24;1
3;5;"Nous avons un suivi de nos performances ainsi que des séance qui sont faites.Ça permet de progresser s'améliorer et connaître ses limites ";L'inconvénient ce sont les donnés dont à besoin l'application, on ne sait pas où elles vont et ce qui en est faites;6;6;4;1;1;5;1;5;1;6;6;6;6;6;5;3;2;2;2;5;5;5;5;5;5;4;4;4;80;65;2;24;1
3;1;Ces applications permettent de donner une motivation supplémentaire à des personnes (comme moi) qui ont tendance à laisser tomber et se lasser aisément. ;Elles ne permettent pas de corriger des mouvements précis ou même d'adapter réellement un entraînement. La personnalisation est trop faible me semble-t-il. ;4;6;3;1;1;5;4;3;1;7;7;7;7;7;3;3;3;2;4;5;5;4;4;3;3;2;5;5;31;51;1;21;1
5;6;"Ne pas avoir a developper son propre regime alimentaire et sportSupport moral de la part du coach";"La presence physique du coach est irremplaçableRisque de se sentir surveillé.e";6;2;2;1;1;1;1;1;1;6;6;6;6;6;6;2;2;2;6;5;6;5;4;4;5;5;5;4;70;62;1;19;2
5;1;"Permet d'avoir un entraînement plutôt personnalisé selon les performances de chacun et les objectifs demandés au fur et a mesure !Permet de trouver une régularité dans l'entrainement!";"Même si l'entraînement essayé d'être personnalisé ,il y a quand même des limites dans le fait de pouvoir adapter les exercices, voire même de vouloir varier au niveau des sports, cantonné a un seul type d'exercice";1;7;1;1;1;7;1;1;1;7;7;7;5;4;7;1;1;1;1;4;5;4;4;4;5;4;4;4;50;50;1;22;1
7;4;"Tout est bien résumé les graphiques sont biens parlants et peuvent aider à savoir ce qu il faut améliorer";Il ne faudrait pas se contenter des résultats et des suggestions afin de ne pas devenir accro ! ;5;5;4;1;1;4;1;1;1;7;7;7;7;7;4;1;1;1;1;4;4;5;5;5;5;5;5;1;51;54;2;50;2
5;5;Plus simple d'utilisation, plus pratique, moins cher, un gain de temps ;Peu de personnalisation, pas de contact direct humain, pas d'apports de conseils si les données ne sont pas bonnes ;7;7;5;1;1;1;1;1;1;7;7;7;7;7;1;1;1;1;1;6;6;7;5;7;5;5;5;5;60;60;2;25;2
5;3;Cette application permet d'avoir un suivi complet des activités et de la composition du corps ;Utiliser cette application demande beaucoup de données personnelles, je crains toujours que ces données soient utilisées à de mauvaise fins;6;6;2;2;2;2;2;2;2;6;6;5;5;5;2;2;2;2;2;5;3;4;3;3;3;3;3;3;30;29;1;23;1
7;5;Un programme adapté à ses attentes et avoir un meilleur suivi sur son évolution personnelle. ;Intrusion dans la vie privée? H24 stalker par l'application?;4;4;2;1;1;3;1;1;1;6;6;6;6;5;4;2;1;1;1;5;5;4;3;4;5;5;4;4;50;55;2;22;1
7;5;"Suivi personnalisé selon ces habitudes alimentaires, sa condition physique...Rappel pour l'hydratationTout est géré par l'application, suivi poids, course, recette selon nos besoins";Intrusion dans la vie privée des personnes, données personnelles. ;2;7;1;1;1;5;1;1;1;7;7;7;7;7;1;1;1;1;1;7;6;7;4;4;5;5;6;5;60;60;2;23;2
1;2;Ça permet de se rendre compte des données qui sont récoltées par les divers appareils connectés et de les exploiter;Trop intrusif, on a l'impression que les données collectées par les appareils connectés sont public;7;7;4;1;1;6;1;2;1;7;7;2;7;5;2;1;1;1;1;3;5;2;3;4;5;3;5;2;18;8;1;23;1
7;1;Le chatbot est disponible 24/7 pour répondre aux questions et les données sont traitées en temps réel sans délai.;Je suis inquiète de la confidentialité de mes données et que les réponses ne sont pas toujours cohérentes. Les IA me font peur.;7;7;3;1;1;2;2;2;1;7;7;3;7;7;3;2;1;1;1;4;4;1;4;3;5;2;3;1;0;0;1;23;2
4;5;"Détenir l’information avoir des objectifs individualisés ";"Être pisté en permanence Ne pas y arriver et se décourager ";2;6;5;2;1;2;1;2;1;5;5;5;5;5;2;2;2;1;2;5;5;5;4;5;5;5;5;5;50;55;2;32;2
4;5;Cela peut être motivant, si challenge et succès a atteindre. ;C est virtuel qd même, toujours etre sur le portable deshumanise la notion de coach ;4;5;2;2;1;1;1;1;1;5;5;5;5;5;1;1;1;1;1;5;5;5;4;4;4;4;4;4;30;20;2;53;2
7;5;"Regarder l'évolution de son activité sportiveVérifier son état de santé ";Le chat oat ne peut pas répondre à des questions poussées sur la nutrition par exemple ;7;7;5;1;5;6;2;5;2;5;3;3;1;6;1;1;1;2;1;5;4;6;6;5;7;5;6;6;51;82;2;22;2
3;1;La Disponibilité et c’est pas cher. Je ne vois pas d’autres avantages ;Moins d’échange humains.... l’avenir de la société est en jeu. Un emploie de moins pour une personne physique ;3;5;3;1;1;2;1;1;1;7;7;7;7;7;3;1;1;1;1;5;5;3;4;3;4;2;2;1;50;19;2;23;1
7;6;Avoir un suivi et du soutien et plus particulièrement des conseils ;Pas particulièrement d’inconvénient mais il faut être régulier et avoir le temps de l’utiliser ;7;6;5;3;4;3;3;4;2;6;6;6;6;6;6;6;6;6;6;6;6;6;6;6;6;5;5;4;75;49;1;19;2
4;4;Les statistiques assez précises, et complète. Et il semble d’avoir un suivi plutôt complet, sans doute pour voir les progrès sur plusieurs périodes.;Le défaut de ces qualités j’imagine. Le suivi de la motivation est souvent très artificiel, et infantilisant, un suivie personnalisé mais pas personnel pour résumer.;5;5;5;1;1;4;1;1;1;5;5;5;5;5;1;1;1;1;1;5;5;4;3;3;5;4;4;4;45;45;2;29;1
7;6;Ce genre de coaching est très personnalisé et permet donc des progrès certainement plus rapides (car adaptés aux besoins). De plus, cela permet d'avoir un suivi quotidien qui évolue selon notre progression et selon nos habitudes. Cela permet également de manger plus sainement. ;"Les inconvénients sont principalement en termes de vie privée selon moi. L'application connait mon alimentation (elle a accès à mon frigo !) et donc peut me ""juger"" sur ce que je mange ou ne mange pas. De plus, cela peut être un peu intrusif, par exemple si l'application nous rappelle sans cesse de boire, d'avoir l'impression qu'on est sans arrêt surveillé sur notre bonne/mauvaise conduite en terme de nutrition et d'activité sportive. ";5;6;3;1;3;5;1;4;1;6;6;6;6;6;5;1;1;1;1;5;5;5;4;4;5;4;5;4;65;80;1;24;2
;;;;;;;;;;;;;;;;;;;;;;;;;;;;;;;;;;;;
7;4;"Suivi en temps réel Suivi plus professionnel Base sur des données claires et visibles ";"Trop connecté, se sentir fliqué Pas de conseils réels ";6;6;6;5;2;2;2;2;5;6;6;6;6;6;6;2;2;2;2;5;4;5;5;5;5;4;6;4;51;67;2;24;2
4;3;c'est pratique, surtout quand on travaille et qu'on a pas le temps d'aller dans une salle de sport ;il peut y avoir des risques concernant les données personnelles et ça ne remplacera jamais la personnalisation que peut apporter un coach humain ;1;5;2;1;1;1;1;1;1;7;7;7;3;6;1;1;1;1;1;5;5;5;4;4;1;5;5;4;20;19;2;25;2
6;6;Cela permet de connaître l’évolution de ses progrès ;Je ne vois pas d’inconvénients pour ma part, ça à l’air d’être une  bonne application ;6;7;5;4;1;4;1;1;1;6;7;7;7;7;4;1;1;1;1;7;7;7;6;6;6;5;6;4;100;100;2;38;2
4;4;"L'application est GratuiteElle est aussi Disponible h24";"Je peux arreter de rentrer mes donnes personnes ne me demandera pkoi (manque de suivi)";7;7;4;2;1;4;1;1;1;5;7;7;7;7;5;2;2;2;2;5;5;5;5;5;5;5;5;4;60;60;2;31;2
3;1;Elle permet de se comparer à une moyenne et des statistiques vérifiées, variées et plus poussées que celles que l'on pourrait trouver par nous-même. Permet de constater ses progrès/évolutions.;Service trop générique et donc pas assez personnalisé. Ne semble pas prendre en compte toutes les spécificités liées à la morphologie, métabolisme et habitudes de l'utilisateur, il y a donc un risque de suivi mal adapté ne se basant que sur des moyennes.;2;6;1;1;1;1;1;1;1;7;7;7;7;7;4;1;1;1;1;5;6;4;3;2;3;3;5;2;30;50;1;24;2
3;2;"Cette application peut permettre aux personnes mal dans leur peau de ne pas se retrouver en face de quelqu'un et de se retrouver en situation de ""honte"". De plus cela peut éviter certains problèmes, conflits entre deux personnes, comme des remarques désagréables qui pourraient complexer les clients.";Il y a un manque de subjectivité, en effet vu qu'il ne s'agit pas d'un être humain, il ne peut pas ressentir les sensations du client. ;6;6;3;1;3;3;1;1;1;7;7;7;7;7;1;1;1;1;1;5;5;5;4;4;5;3;5;4;40;40;1;18;2
3;2;"Le fait d'utiliser cette application vous permettera de suivre votre alimentation ainsi que vos activités sportifsDe plus, l'application peut être directement connectée à votre SmartWatch... ";Certe l'application vous permet un suivi quotidien, mais ses calculs restent approximatifs selon l'intelligence integré dans le code. Alors que le corps humain est unique et son traitement ou son adaptation côtés nutriments ou besoin caloriques doit être faites par un spécialiste selon l'historique de la personne concernée (maladies, ex régime, etc);4;4;1;1;1;4;1;1;1;5;7;7;6;7;6;2;2;2;2;5;4;6;3;3;5;4;6;6;80;51;2;24;2
3;3;Ñnnnnnnnnnslsldlxlxxldmdlskskskskskxfekslssldxkdldlslslsslsllssllsdldkdldlslslslslslslslslsllslslslsslsllslsls;Ñnnnnnnnnnslsldlxlxxldmdlskskskskskxfekslssldxkdldlslslsslsllssllsdldkdldlslslslslslslslslsllslslslsslsllslsls ;1;1;1;3;1;1;1;6;1;1;6;6;2;7;1;2;1;1;2;2;2;3;1;1;1;1;6;2;54;58;3;74;1
5;1;Un suivi quotidien de poids, de l'activité physique , plus pratique/rapide qu'un coach en salle de sport ;Cela ne m'a pas l'air d'être une vrai personne en face, mais plutôt un logiciel.;7;7;5;1;3;5;1;1;1;7;7;7;7;7;1;1;1;1;1;6;5;4;5;5;5;4;4;3;3;6;2;29;2
5;5;La rapidité et l'apparente efficacité.  C'est aussi bien pratique de l'avoir sur soi, pas besoin de rendez-vous avec qui que ce soit ;Je ne vois pas si on peut poser des questions particulières,  ni si on peut formater l'appli pour prendre en compte certaines pathologies,  allergies etc. ;6;1;1;1;1;1;1;1;1;7;7;7;7;7;1;1;1;1;1;5;5;5;4;4;5;5;5;5;60;60;2;49;2
3;2;"Evaluations statistiques des progrès possibles (qu'en est-il en cas d'échec?)Education alimentaire accessible à tous";"Renforce la croyance que les maladies chroniques liées à l'obésité ont pour unique cause un problème d'alimentation.Lassitude d'être encouragé par un programme comparé à une interaction humaine.Quid de la modification réelle des comportements alimentaires des personnes utilisant ces applications ?Quid de la protection des données personnelles liées à la santé ?";1;1;1;1;1;4;1;1;4;4;4;4;4;4;1;1;1;1;1;3;4;2;3;3;5;4;3;1;1;10;2;30;2
7;2;Si on n'arrive pas à faire les choses soi-même, c'est une bonne chose, puisqu'il convient d'avoir quelqu'un qui nous guide si on n'est dans l'impossibilité de gérer soi-même les choses;RGPD non respecté a priori, très intrusif sans que la personne ne le comprenne forcément, puisque, dans ce cas, l'on voit bien que la personne semble ne pas avoir donné son accord exprès et certain sur l'utilisation des données à caractère personnel, ce qui constitue, en soi, une infraction;1;1;1;1;1;1;1;1;1;5;5;4;3;3;1;1;1;1;1;4;4;1;1;1;1;1;1;1;0;0;2;99;3
7;6;"Un suivi personnalisé, basé sur des données concrètesUne analyse et utilisation des données pertinente et automatique ";"Un achat et une utilisation quotidienne des objets connectés (coût, habitudes à mettre en place)Protection des données et de la vie privée à voir";1;5;1;1;1;5;2;3;2;7;7;7;7;6;2;2;2;2;1;6;6;6;4;4;5;5;4;4;55;55;2;29;1
4;4;En cas d’écarts importants, une prise de conscience pour reprendre les bonnes habitudes.;Aucun inconvénients pour ma part. Il faudra juste ne pas tomber dans la frustration ;5;5;2;1;1;3;3;1;1;6;4;6;4;5;1;3;3;3;5;5;5;5;4;4;4;5;4;3;33;46;2;35;2
3;1;Explication des données (pas juste les graphiques sans information supplémentaire) et nombre de données importantes (pas juste un graphique);On remarque de suite que c'est automatisé (phrase pre ecrite en fonction du resultalt sur le graphique), du coup une fois que l'on sait lire le graphique, le service n'est plus utile;5;7;1;1;1;3;1;2;1;6;7;6;7;6;1;1;1;1;4;6;6;6;3;3;6;6;4;4;70;49;2;26;2
7;2;"Les avantages peuvent être le fait d'être suivi régulièrement, et d'éviter t'auto-évaluer ses besoins et risquer des mauvaises interprétations. Elle a l'air complète et polyvalente dans les domaines sur lesquels elle agit.";"L'inconvénient premier que je vois est le fait que c'est quand même très intrusif et peut devenir anxiogène pour certaines personnes. Une personne qui est mal dans sa peau ou a peu confiance peut se sentir stressée et utiliser l'application d'une mauvaise façon. Les écarts peuvent aussi devenir de vrais échecs et un vrai stress, alors que c'est tout à fait normal à mon avis. On peut se sentir emprisonnée et dépendante de cette application qui peut suivre tous ses mouvements et actions pendant la journée. ";3;5;2;1;1;2;1;1;1;6;5;5;5;5;2;1;1;1;1;6;6;3;4;4;6;4;3;4;1;1;2;26;2